k,station_id,old_active,new_active,battery_at_swap
247,3,cf4,cf8,64.53
332,1,cf2,cf6,63.04
432,3,cf8,cf4,75.95
450,1,cf6,cf2,87.55
475,0,cf1,cf5,57.16
626,3,cf4,cf8,72.95
644,1,cf2,cf6,78.52
748,3,cf8,cf4,83.57
766,1,cf6,cf2,87.07
777,0,cf5,cf1,73.04
888,3,cf4,cf8,81.11
906,1,cf2,cf6,84.94
924,0,cf1,cf5,87.00
993,2,cf3,cf7,28.83
1176,3,cf8,cf4,60.65
1274,3,cf4,cf8,87.03
1289,1,cf6,cf2,58.15
1410,3,cf8,cf4,81.43
1428,1,cf2,cf6,85.03
1446,0,cf5,cf1,52.67
1605,3,cf4,cf8,73.06
1623,1,cf6,cf2,78.40
1727,3,cf8,cf4,83.57
1745,1,cf2,cf6,87.07
1756,0,cf1,cf5,72.24
1869,3,cf4,cf8,80.81
1887,1,cf6,cf2,84.70
1905,0,cf5,cf1,86.80
1983,2,cf7,cf3,28.85
2160,3,cf8,cf4,60.52
2259,3,cf4,cf8,86.88
2276,1,cf2,cf6,57.68
2396,3,cf8,cf4,81.31
2414,1,cf6,cf2,85.15
2432,0,cf1,cf5,52.34
2592,3,cf4,cf8,72.91
2610,1,cf2,cf6,78.28
2714,3,cf8,cf4,83.57
2732,1,cf6,cf2,87.07
2743,0,cf5,cf1,72.14
2857,3,cf4,cf8,80.66
2875,1,cf2,cf6,84.58
2893,0,cf1,cf5,86.70
2972,2,cf3,cf7,28.90
3149,3,cf8,cf4,60.42
3247,3,cf4,cf8,87.03
3262,1,cf6,cf2,57.97
3383,3,cf8,cf4,81.43
3401,1,cf2,cf6,85.03
3419,0,cf5,cf1,52.48
3580,3,cf4,cf8,72.76
3598,1,cf6,cf2,78.16
3702,3,cf8,cf4,83.57
3720,1,cf2,cf6,87.07
3731,0,cf1,cf5,72.04
3845,3,cf4,cf8,80.66
3863,1,cf6,cf2,84.58
3881,0,cf5,cf1,86.70
3964,2,cf7,cf3,28.72
4138,3,cf8,cf4,60.39
4237,3,cf4,cf8,86.88
4254,1,cf2,cf6,57.59
4374,3,cf8,cf4,81.31
4392,1,cf6,cf2,85.15
4410,0,cf1,cf5,52.24
4571,3,cf4,cf8,72.76
4589,1,cf2,cf6,78.16
4693,3,cf8,cf4,83.57
4711,1,cf6,cf2,87.07
4722,0,cf5,cf1,72.04
4836,3,cf4,cf8,80.66
4854,1,cf2,cf6,84.58
4875,0,cf1,cf5,86.47
4951,2,cf3,cf7,29.06
5128,3,cf8,cf4,60.45
5227,3,cf4,cf8,86.88
5244,1,cf6,cf2,57.55
5364,3,cf8,cf4,81.31
5382,1,cf2,cf6,85.15
5400,0,cf5,cf1,52.51
5560,3,cf4,cf8,72.91
5578,1,cf6,cf2,78.28
5682,3,cf8,cf4,83.57
5700,1,cf2,cf6,87.07
5711,0,cf1,cf5,72.14
5825,3,cf4,cf8,80.66
5843,1,cf6,cf2,84.58
5861,0,cf5,cf1,86.70
5940,2,cf7,cf3,28.90
6117,3,cf8,cf4,60.42
6215,3,cf4,cf8,87.03
6230,1,cf2,cf6,57.97
6351,3,cf8,cf4,81.43
6369,1,cf6,cf2,85.03
6387,0,cf1,cf5,52.48
6548,3,cf4,cf8,72.76
6566,1,cf2,cf6,78.16
6670,3,cf8,cf4,83.57
6688,1,cf6,cf2,87.07
6699,0,cf5,cf1,72.04
6813,3,cf4,cf8,80.66
6831,1,cf2,cf6,84.58
6849,0,cf1,cf5,86.70
6932,2,cf3,cf7,28.72
7106,3,cf8,cf4,60.39
7205,3,cf4,cf8,86.88
7222,1,cf6,cf2,57.59
7342,3,cf8,cf4,81.31
7360,1,cf2,cf6,85.15
7378,0,cf5,cf1,52.24
7539,3,cf4,cf8,72.76
7557,1,cf6,cf2,78.16
7661,3,cf8,cf4,83.57
7679,1,cf2,cf6,87.07
7690,0,cf1,cf5,72.04
7804,3,cf4,cf8,80.66
7822,1,cf6,cf2,84.58
7843,0,cf5,cf1,86.47
7919,2,cf7,cf3,29.06
8096,3,cf8,cf4,60.45
8195,3,cf4,cf8,86.88
8212,1,cf2,cf6,57.55
8332,3,cf8,cf4,81.31
8350,1,cf6,cf2,85.15
8368,0,cf1,cf5,52.51
8528,3,cf4,cf8,72.91
8546,1,cf2,cf6,78.28
8650,3,cf8,cf4,83.57
8668,1,cf6,cf2,87.07
8679,0,cf5,cf1,72.14
8793,3,cf4,cf8,80.66
8811,1,cf2,cf6,84.58
8829,0,cf1,cf5,86.70
8908,2,cf3,cf7,28.90
9085,3,cf8,cf4,60.42
9183,3,cf4,cf8,87.03
9198,1,cf6,cf2,57.97
9319,3,cf8,cf4,81.43
9337,1,cf2,cf6,85.03
9355,0,cf5,cf1,52.48
9516,3,cf4,cf8,72.76
9534,1,cf6,cf2,78.16
9638,3,cf8,cf4,83.57
9656,1,cf2,cf6,87.07
9667,0,cf1,cf5,72.04
9781,3,cf4,cf8,80.66
9799,1,cf6,cf2,84.58
9817,0,cf5,cf1,86.70
9900,2,cf7,cf3,28.72
10074,3,cf8,cf4,60.39
10173,3,cf4,cf8,86.88
10190,1,cf2,cf6,57.59
10310,3,cf8,cf4,81.31
10328,1,cf6,cf2,85.15
10346,0,cf1,cf5,52.24
10507,3,cf4,cf8,72.76
10525,1,cf2,cf6,78.16
10629,3,cf8,cf4,83.57
10647,1,cf6,cf2,87.07
10658,0,cf5,cf1,72.04
10772,3,cf4,cf8,80.66
10790,1,cf2,cf6,84.58
10811,0,cf1,cf5,86.47
10887,2,cf3,cf7,29.06
11064,3,cf8,cf4,60.45
11163,3,cf4,cf8,86.88
11180,1,cf6,cf2,57.55
11300,3,cf8,cf4,81.31
11318,1,cf2,cf6,85.15
11336,0,cf5,cf1,52.51
11496,3,cf4,cf8,72.91
11514,1,cf6,cf2,78.28
11618,3,cf8,cf4,83.57
11636,1,cf2,cf6,87.07
11647,0,cf1,cf5,72.14
11761,3,cf4,cf8,80.66
11779,1,cf6,cf2,84.58
11797,0,cf5,cf1,86.70
11876,2,cf7,cf3,28.90
12053,3,cf8,cf4,60.42
12151,3,cf4,cf8,87.03
12166,1,cf2,cf6,57.97
12287,3,cf8,cf4,81.43
12305,1,cf6,cf2,85.03
12323,0,cf1,cf5,52.48
12484,3,cf4,cf8,72.76
12502,1,cf2,cf6,78.16
12606,3,cf8,cf4,83.57
12624,1,cf6,cf2,87.07
12635,0,cf5,cf1,72.04
12749,3,cf4,cf8,80.66
12767,1,cf2,cf6,84.58
12785,0,cf1,cf5,86.70
12868,2,cf3,cf7,28.72
13042,3,cf8,cf4,60.39
13141,3,cf4,cf8,86.88
13158,1,cf6,cf2,57.59
13278,3,cf8,cf4,81.31
13296,1,cf2,cf6,85.15
13314,0,cf5,cf1,52.24
13475,3,cf4,cf8,72.76
13493,1,cf6,cf2,78.16
13597,3,cf8,cf4,83.57
13615,1,cf2,cf6,87.07
13626,0,cf1,cf5,72.04
13740,3,cf4,cf8,80.66
13758,1,cf6,cf2,84.58
13779,0,cf5,cf1,86.47
13855,2,cf7,cf3,29.06
14032,3,cf8,cf4,60.45
14131,3,cf4,cf8,86.88
14148,1,cf2,cf6,57.55
14268,3,cf8,cf4,81.31
14286,1,cf6,cf2,85.15
14304,0,cf1,cf5,52.51
14464,3,cf4,cf8,72.91
14482,1,cf2,cf6,78.28
14586,3,cf8,cf4,83.57
14604,1,cf6,cf2,87.07
14615,0,cf5,cf1,72.14
14729,3,cf4,cf8,80.66
14747,1,cf2,cf6,84.58
14765,0,cf1,cf5,86.70
14844,2,cf3,cf7,28.90
15021,3,cf8,cf4,60.42
15119,3,cf4,cf8,87.03
15134,1,cf6,cf2,57.97
15255,3,cf8,cf4,81.43
15273,1,cf2,cf6,85.03
15291,0,cf5,cf1,52.48
15452,3,cf4,cf8,72.76
15470,1,cf6,cf2,78.16
15574,3,cf8,cf4,83.57
15592,1,cf2,cf6,87.07
15603,0,cf1,cf5,72.04
15717,3,cf4,cf8,80.66
15735,1,cf6,cf2,84.58
15753,0,cf5,cf1,86.70
15836,2,cf7,cf3,28.72
16010,3,cf8,cf4,60.39
16109,3,cf4,cf8,86.88
16126,1,cf2,cf6,57.59
16246,3,cf8,cf4,81.31
16264,1,cf6,cf2,85.15
16282,0,cf1,cf5,52.24
16443,3,cf4,cf8,72.76
16461,1,cf2,cf6,78.16
16565,3,cf8,cf4,83.57
16583,1,cf6,cf2,87.07
16594,0,cf5,cf1,72.04
16708,3,cf4,cf8,80.66
16726,1,cf2,cf6,84.58
16747,0,cf1,cf5,86.47
16823,2,cf3,cf7,29.06
17000,3,cf8,cf4,60.45
17099,3,cf4,cf8,86.88
17116,1,cf6,cf2,57.55
17236,3,cf8,cf4,81.31
17254,1,cf2,cf6,85.15
17272,0,cf5,cf1,52.51
17432,3,cf4,cf8,72.91
17450,1,cf6,cf2,78.28
17554,3,cf8,cf4,83.57
17572,1,cf2,cf6,87.07
17583,0,cf1,cf5,72.14
17697,3,cf4,cf8,80.66
17715,1,cf6,cf2,84.58
17733,0,cf5,cf1,86.70
17812,2,cf7,cf3,28.90
17989,3,cf8,cf4,60.42
18087,3,cf4,cf8,87.03
18102,1,cf2,cf6,57.97
18223,3,cf8,cf4,81.43
18241,1,cf6,cf2,85.03
18259,0,cf1,cf5,52.48
18420,3,cf4,cf8,72.76
18438,1,cf2,cf6,78.16
18542,3,cf8,cf4,83.57
18560,1,cf6,cf2,87.07
18571,0,cf5,cf1,72.04
18685,3,cf4,cf8,80.66
18703,1,cf2,cf6,84.58
18721,0,cf1,cf5,86.70
18804,2,cf3,cf7,28.72
18978,3,cf8,cf4,60.39
19077,3,cf4,cf8,86.88
19094,1,cf6,cf2,57.59
19214,3,cf8,cf4,81.31
19232,1,cf2,cf6,85.15
19250,0,cf5,cf1,52.24
19411,3,cf4,cf8,72.76
19429,1,cf6,cf2,78.16
19533,3,cf8,cf4,83.57
19551,1,cf2,cf6,87.07
19562,0,cf1,cf5,72.04
19676,3,cf4,cf8,80.66
19694,1,cf6,cf2,84.58
19715,0,cf5,cf1,86.47
19791,2,cf7,cf3,29.06
19968,3,cf8,cf4,60.45
